{"cameraMode":{"drawMode":0,"name":"Shaded","section":"Shading Mode"},"sceneLighting":false,"audioPlay":false,"sceneViewState":{"m_AlwaysRefresh":false,"showFog":true,"showSkybox":true,"showFlares":true,"showImageEffects":true,"showParticleSystems":true,"showVisualEffectGraphs":true,"m_FxEnabled":true},"in2DMode":false,"pivot":{"x":476.937255859375,"y":200.502685546875,"z":53.954952239990237},"rotation":{"x":0.08720595389604569,"y":0.006595756858587265,"z":-0.0006519905873574317,"w":0.9962649941444397},"size":326.09735107421877,"orthographic":false}