{"cameraMode":{"drawMode":0,"name":"Shaded","section":"Shading Mode"},"sceneLighting":false,"audioPlay":false,"sceneViewState":{"m_AlwaysRefresh":false,"showFog":true,"showSkybox":false,"showFlares":true,"showImageEffects":true,"showParticleSystems":true,"showVisualEffectGraphs":true,"m_FxEnabled":true},"in2DMode":false,"pivot":{"x":47.06999969482422,"y":1.5199999809265137,"z":-2.4000000953674318},"rotation":{"x":0.32103684544563296,"y":0.10228767991065979,"z":-0.03499788045883179,"w":0.940944492816925},"size":1.7320507764816285,"orthographic":false}